,0
0,positive
1,negative
2,positive
3,negative
4,positive
5,negative
6,positive
7,negative
8,positive
9,negative
10,positive
11,negative
12,positive
13,negative
14,positive
15,negative
16,positive
17,negative
18,positive
19,negative
20,positive
21,negative
22,positive
23,negative
24,positive
25,negative
26,positive
27,negative
28,positive
29,negative
30,positive
31,negative
32,positive
33,negative
34,positive
35,negative
36,positive
37,negative
38,positive
39,negative
40,positive
41,negative
42,positive
43,negative
44,positive
45,negative
46,positive
47,negative
48,positive
49,negative
50,positive
51,negative
52,positive
53,negative
54,positive
55,negative
56,positive
57,negative
58,positive
59,negative
60,positive
61,negative
62,positive
63,negative
64,positive
65,negative
66,positive
67,negative
68,positive
69,negative
70,positive
71,negative
72,positive
73,negative
74,positive
75,negative
76,positive
77,negative
78,positive
79,negative
80,positive
81,negative
82,positive
83,negative
84,positive
85,negative
86,positive
87,negative
88,positive
89,negative
90,positive
91,negative
92,positive
93,negative
94,positive
95,negative
96,positive
97,negative
98,positive
99,negative
100,positive
101,negative
102,positive
103,negative
104,positive
105,negative
106,positive
107,negative
108,positive
109,negative
110,positive
111,negative
112,positive
113,negative
114,positive
115,negative
116,positive
117,negative
118,positive
119,negative
120,positive
121,negative
122,positive
123,negative
124,positive
125,negative
126,positive
127,negative
128,positive
129,negative
130,positive
131,negative
132,positive
133,negative
134,positive
135,negative
136,positive
137,negative
138,positive
139,negative
140,positive
141,negative
142,positive
143,negative
144,positive
145,negative
146,positive
147,negative
148,positive
149,negative
150,positive
151,negative
152,positive
153,negative
154,positive
155,negative
156,positive
157,negative
158,positive
159,negative
160,positive
161,negative
162,positive
163,negative
164,positive
165,negative
166,positive
167,negative
168,positive
169,negative
170,positive
171,negative
172,positive
173,negative
174,positive
175,negative
176,positive
177,negative
178,positive
179,negative
180,positive
181,negative
182,positive
183,negative
184,positive
185,negative
186,positive
187,negative
188,positive
189,negative
190,positive
191,negative
192,positive
193,negative
194,positive
195,negative
196,positive
197,negative
198,positive
199,negative
200,positive
201,negative
202,positive
203,negative
204,positive
205,negative
206,positive
207,negative
208,positive
209,negative
210,positive
211,negative
212,positive
213,negative
214,positive
215,negative
216,positive
217,negative
218,positive
219,negative
220,positive
221,negative
222,positive
223,negative
224,positive
225,negative
226,positive
227,negative
228,positive
229,negative
230,positive
231,negative
232,positive
233,negative
234,positive
235,negative
236,positive
237,negative
238,positive
239,negative
240,positive
241,negative
242,positive
243,negative
244,positive
245,negative
246,positive
247,negative
248,positive
249,negative
250,positive
251,negative
252,positive
253,negative
254,positive
255,negative
256,positive
257,negative
258,positive
259,negative
260,positive
261,negative
262,positive
263,negative
264,positive
265,negative
266,positive
267,negative
268,positive
269,negative
270,positive
271,negative
272,positive
273,negative
274,positive
275,negative
276,positive
277,negative
278,positive
279,negative
280,positive
281,negative
282,positive
283,negative
284,positive
285,negative
286,positive
287,negative
288,positive
289,negative
290,positive
291,negative
292,positive
293,negative
294,positive
295,negative
296,positive
297,negative
298,positive
299,negative
300,positive
301,negative
302,positive
303,negative
304,positive
305,negative
306,positive
307,negative
308,positive
309,negative
310,positive
311,negative
312,positive
313,negative
314,positive
315,negative
316,positive
317,negative
318,positive
319,negative
320,positive
321,negative
322,positive
323,negative
324,positive
325,negative
326,positive
327,negative
328,positive
329,negative
330,positive
331,negative
332,positive
333,negative
334,positive
335,negative
336,positive
337,negative
338,positive
339,negative
340,positive
341,negative
342,positive
343,negative
344,positive
345,negative
346,positive
347,negative
348,positive
349,negative
350,positive
351,negative
352,positive
353,negative
354,positive
355,negative
356,positive
357,negative
358,positive
359,negative
360,positive
361,negative
362,positive
363,negative
364,positive
365,negative
366,positive
367,negative
368,positive
369,negative
370,positive
371,negative
372,positive
373,negative
374,positive
375,negative
376,positive
377,negative
378,positive
379,negative
380,positive
381,negative
382,positive
383,negative
384,positive
385,negative
386,positive
387,negative
388,positive
389,negative
390,positive
391,negative
392,positive
393,negative
394,positive
395,negative
396,positive
397,negative
398,positive
399,negative
400,positive
401,negative
402,positive
403,negative
404,positive
405,negative
406,positive
407,negative
408,positive
409,negative
410,positive
411,negative
412,positive
413,negative
414,positive
415,negative
416,positive
417,negative
418,positive
419,negative
420,positive
421,negative
422,positive
423,negative
424,positive
425,negative
426,positive
427,negative
428,positive
429,negative
430,positive
431,negative
432,positive
433,negative
434,positive
435,negative
436,positive
437,negative
438,positive
439,negative
440,positive
441,negative
442,positive
443,negative
444,positive
445,negative
446,positive
447,negative
448,positive
449,negative
450,positive
451,negative
452,positive
453,negative
454,positive
455,negative
456,positive
457,negative
458,positive
459,negative
460,positive
461,negative
462,positive
463,negative
464,positive
465,negative
466,positive
467,negative
468,positive
469,negative
470,positive
471,negative
472,positive
473,negative
474,positive
475,negative
476,positive
477,negative
478,positive
479,negative
480,positive
481,negative
482,positive
483,negative
484,positive
485,negative
486,positive
487,negative
488,positive
489,negative
490,positive
491,negative
492,positive
493,negative
494,positive
495,negative
496,positive
497,negative
498,positive
499,negative
500,positive
501,negative
502,positive
503,negative
504,positive
505,negative
506,positive
507,negative
508,positive
509,negative
510,positive
511,negative
512,positive
513,negative
514,positive
515,negative
516,positive
517,negative
518,positive
519,negative
520,positive
521,negative
522,positive
523,negative
524,positive
525,negative
526,positive
527,negative
528,positive
529,negative
530,positive
531,negative
532,positive
533,negative
534,positive
535,negative
536,positive
537,negative
538,positive
539,negative
540,positive
541,negative
542,positive
543,negative
544,positive
545,negative
546,positive
547,negative
548,positive
549,negative
550,positive
551,negative
552,positive
553,negative
554,positive
555,negative
556,positive
557,negative
558,positive
559,negative
560,positive
561,negative
562,positive
563,negative
564,positive
565,negative
566,positive
567,negative
568,positive
569,negative
570,positive
571,negative
572,positive
573,negative
574,positive
575,negative
576,positive
577,negative
578,positive
579,negative
580,positive
581,negative
582,positive
583,negative
584,positive
585,negative
586,positive
587,negative
588,positive
589,negative
590,positive
591,negative
592,positive
593,negative
594,positive
595,negative
596,positive
597,negative
598,positive
599,negative
600,positive
601,negative
602,positive
603,negative
604,positive
605,negative
606,positive
607,negative
608,positive
609,negative
610,positive
611,negative
612,positive
613,negative
614,positive
615,negative
616,positive
617,negative
618,positive
619,negative
620,positive
621,negative
622,positive
623,negative
624,positive
625,negative
626,positive
627,negative
628,positive
629,negative
630,positive
631,negative
632,positive
633,negative
634,positive
635,negative
636,positive
637,negative
638,positive
639,negative
640,positive
641,negative
642,positive
643,negative
644,positive
645,negative
646,positive
647,negative
648,positive
649,negative
650,positive
651,negative
652,positive
653,negative
654,positive
655,negative
656,positive
657,negative
658,positive
659,negative
660,positive
661,negative
662,positive
663,negative
664,positive
665,negative
666,positive
667,negative
668,positive
669,negative
670,positive
671,negative
672,positive
673,negative
674,positive
675,negative
676,positive
677,negative
678,positive
679,negative
680,positive
681,negative
682,positive
683,negative
684,positive
685,negative
686,positive
687,negative
688,positive
689,negative
690,positive
691,negative
692,positive
693,negative
694,positive
695,negative
696,positive
697,negative
698,positive
699,negative
700,positive
701,negative
702,positive
703,negative
704,positive
705,negative
706,positive
707,negative
708,positive
709,negative
710,positive
711,negative
712,positive
713,negative
714,positive
715,negative
716,positive
717,negative
718,positive
719,negative
720,positive
721,negative
722,positive
723,negative
724,positive
725,negative
726,positive
727,negative
728,positive
729,negative
730,positive
731,negative
732,positive
733,negative
734,positive
735,negative
736,positive
737,negative
738,positive
739,negative
740,positive
741,negative
742,positive
743,negative
744,positive
745,negative
746,positive
747,negative
748,positive
749,negative
750,positive
751,negative
752,positive
753,negative
754,positive
755,negative
756,positive
757,negative
758,positive
759,negative
760,positive
761,negative
762,positive
763,negative
764,positive
765,negative
766,positive
767,negative
768,positive
769,negative
770,positive
771,negative
772,positive
773,negative
774,positive
775,negative
776,positive
777,negative
778,positive
779,negative
780,positive
781,negative
782,positive
783,negative
784,positive
785,negative
786,positive
787,negative
788,positive
789,negative
790,positive
791,negative
792,positive
793,negative
794,positive
795,negative
796,positive
797,negative
798,positive
799,negative
800,positive
801,negative
802,positive
803,negative
804,positive
805,negative
806,positive
807,negative
808,positive
809,negative
810,positive
811,negative
812,positive
813,negative
814,positive
815,negative
816,positive
817,negative
818,positive
819,negative
820,positive
821,negative
822,positive
823,negative
824,positive
825,negative
826,positive
827,negative
828,positive
829,negative
830,positive
831,negative
832,positive
833,negative
834,positive
835,negative
836,positive
837,negative
838,positive
839,negative
840,positive
841,negative
842,positive
843,negative
844,positive
845,negative
846,positive
847,negative
848,positive
849,negative
850,positive
851,negative
852,positive
853,negative
854,positive
855,negative
856,positive
857,negative
858,positive
859,negative
860,positive
861,negative
862,positive
863,negative
864,positive
865,negative
866,positive
867,negative
868,positive
869,negative
870,positive
871,negative
872,positive
873,negative
874,positive
875,negative
876,positive
877,negative
878,positive
879,negative
880,positive
881,negative
882,positive
883,negative
884,positive
885,negative
886,positive
887,negative
888,positive
889,negative
890,positive
891,negative
892,positive
893,negative
894,positive
895,negative
896,positive
897,negative
898,positive
899,negative
900,positive
901,negative
902,positive
903,negative
904,positive
905,negative
906,positive
907,negative
908,positive
909,negative
910,positive
911,negative
912,positive
913,negative
914,positive
915,negative
916,positive
917,negative
918,positive
919,negative
920,positive
921,negative
922,positive
923,negative
924,positive
925,negative
926,positive
927,negative
928,positive
929,negative
930,positive
931,negative
932,positive
933,negative
934,positive
935,negative
936,positive
937,negative
938,positive
939,negative
940,positive
941,negative
942,positive
943,negative
944,positive
945,negative
946,positive
947,negative
948,positive
949,negative
950,positive
951,negative
952,positive
953,negative
954,positive
955,negative
956,positive
957,negative
958,positive
959,negative
960,positive
961,negative
962,positive
963,negative
964,positive
965,negative
966,positive
967,negative
968,positive
969,negative
970,positive
971,negative
972,positive
973,negative
974,positive
975,negative
976,positive
977,negative
978,positive
979,negative
980,positive
981,negative
982,positive
983,negative
984,positive
985,negative
986,positive
987,negative
988,positive
989,negative
990,positive
991,negative
992,positive
993,negative
994,positive
995,negative
996,positive
997,negative
998,positive
999,negative
1000,positive
1001,negative
1002,positive
1003,negative
1004,positive
1005,negative
1006,positive
1007,negative
1008,positive
1009,negative
1010,positive
1011,negative
1012,positive
1013,negative
1014,positive
1015,negative
1016,positive
1017,negative
1018,positive
1019,negative
1020,positive
1021,negative
1022,positive
1023,negative
1024,positive
1025,negative
1026,positive
1027,negative
1028,positive
1029,negative
1030,positive
1031,negative
1032,positive
1033,negative
1034,positive
1035,negative
1036,positive
1037,negative
1038,positive
1039,negative
1040,positive
1041,negative
1042,positive
1043,negative
1044,positive
1045,negative
1046,positive
1047,negative
1048,positive
1049,negative
1050,positive
1051,negative
1052,positive
1053,negative
1054,positive
1055,negative
1056,positive
1057,negative
1058,positive
1059,negative
1060,positive
1061,negative
1062,positive
1063,negative
1064,positive
1065,negative
1066,positive
1067,negative
1068,positive
1069,negative
1070,positive
1071,negative
1072,positive
1073,negative
1074,positive
1075,negative
1076,positive
1077,negative
1078,positive
1079,negative
1080,positive
1081,negative
1082,positive
1083,negative
1084,positive
1085,negative
1086,positive
1087,negative
1088,positive
1089,negative
1090,positive
1091,negative
1092,positive
1093,negative
1094,positive
1095,negative
1096,positive
1097,negative
1098,positive
1099,negative
1100,positive
1101,negative
1102,positive
1103,negative
1104,positive
1105,negative
1106,positive
1107,negative
1108,positive
1109,negative
1110,positive
1111,negative
1112,positive
1113,negative
1114,positive
1115,negative
1116,positive
1117,negative
1118,positive
1119,negative
1120,positive
1121,negative
1122,positive
1123,negative
1124,positive
1125,negative
1126,positive
1127,negative
1128,positive
1129,negative
1130,positive
1131,negative
1132,positive
1133,negative
1134,positive
1135,negative
1136,positive
1137,negative
1138,positive
1139,negative
1140,positive
1141,negative
1142,positive
1143,negative
1144,positive
1145,negative
1146,positive
1147,negative
1148,positive
1149,negative
1150,positive
1151,negative
1152,positive
1153,negative
1154,positive
1155,negative
1156,positive
1157,negative
1158,positive
1159,negative
1160,positive
1161,negative
1162,positive
1163,negative
1164,positive
1165,negative
1166,positive
1167,negative
1168,positive
1169,negative
1170,positive
1171,negative
1172,positive
1173,negative
1174,positive
1175,negative
1176,positive
1177,negative
1178,positive
1179,negative
1180,positive
1181,negative
1182,positive
1183,negative
1184,positive
1185,negative
1186,positive
1187,negative
1188,positive
1189,negative
1190,positive
1191,negative
1192,positive
1193,negative
1194,positive
1195,negative
1196,positive
1197,negative
1198,positive
1199,negative
1200,positive
1201,negative
1202,positive
1203,negative
1204,positive
1205,negative
1206,positive
1207,negative
1208,positive
1209,negative
1210,positive
1211,negative
1212,positive
1213,negative
1214,positive
1215,negative
1216,positive
1217,negative
1218,positive
1219,negative
1220,positive
1221,negative
1222,positive
1223,negative
1224,positive
1225,negative
1226,positive
1227,negative
1228,positive
1229,negative
1230,positive
1231,negative
1232,positive
1233,negative
1234,positive
1235,negative
1236,positive
1237,negative
1238,positive
1239,negative
1240,positive
1241,negative
1242,positive
1243,negative
1244,positive
1245,negative
1246,positive
1247,negative
1248,positive
1249,negative
1250,positive
1251,negative
1252,positive
1253,negative
1254,positive
1255,negative
1256,positive
1257,negative
1258,positive
1259,negative
1260,positive
1261,negative
1262,positive
1263,negative
1264,positive
1265,negative
1266,positive
1267,negative
1268,positive
1269,negative
1270,positive
1271,negative
1272,positive
1273,negative
1274,positive
1275,negative
1276,positive
1277,negative
1278,positive
1279,negative
1280,positive
1281,negative
1282,positive
1283,negative
1284,positive
1285,negative
1286,positive
1287,negative
1288,positive
1289,negative
1290,positive
1291,negative
1292,positive
1293,negative
1294,positive
1295,negative
1296,positive
1297,negative
1298,positive
1299,negative
1300,positive
1301,negative
1302,positive
1303,negative
1304,positive
1305,negative
1306,positive
1307,negative
1308,positive
1309,negative
1310,positive
1311,negative
1312,positive
1313,negative
1314,positive
1315,negative
1316,positive
1317,negative
1318,positive
1319,negative
1320,positive
1321,negative
1322,positive
1323,negative
1324,positive
1325,negative
1326,positive
1327,negative
1328,positive
1329,negative
1330,positive
1331,negative
1332,positive
1333,negative
1334,positive
1335,negative
1336,positive
1337,negative
1338,positive
1339,negative
1340,positive
1341,negative
1342,positive
1343,negative
1344,positive
1345,negative
1346,positive
1347,negative
1348,positive
1349,negative
1350,positive
1351,negative
1352,positive
1353,negative
1354,positive
1355,negative
1356,positive
1357,negative
1358,positive
1359,negative
1360,positive
1361,negative
1362,positive
1363,negative
1364,positive
1365,negative
1366,positive
1367,negative
1368,positive
1369,negative
1370,positive
1371,negative
1372,positive
1373,negative
1374,positive
1375,negative
1376,positive
1377,negative
1378,positive
1379,negative
1380,positive
1381,negative
1382,positive
1383,negative
1384,positive
1385,negative
1386,positive
1387,negative
1388,positive
1389,negative
1390,positive
1391,negative
1392,positive
1393,negative
1394,positive
1395,negative
1396,positive
1397,negative
1398,positive
1399,negative
1400,positive
1401,negative
1402,positive
1403,negative
1404,positive
1405,negative
1406,positive
1407,negative
1408,positive
1409,negative
1410,positive
1411,negative
1412,positive
1413,negative
1414,positive
1415,negative
1416,positive
1417,negative
1418,positive
1419,negative
1420,positive
1421,negative
1422,positive
1423,negative
1424,positive
1425,negative
1426,positive
1427,negative
1428,positive
1429,negative
1430,positive
1431,negative
1432,positive
1433,negative
1434,positive
1435,negative
1436,positive
1437,negative
1438,positive
1439,negative
1440,positive
1441,negative
1442,positive
1443,negative
1444,positive
1445,negative
1446,positive
1447,negative
1448,positive
1449,negative
1450,positive
1451,negative
1452,positive
1453,negative
1454,positive
1455,negative
1456,positive
1457,negative
1458,positive
1459,negative
1460,positive
1461,negative
1462,positive
1463,negative
1464,positive
1465,negative
1466,positive
1467,negative
1468,positive
1469,negative
1470,positive
1471,negative
1472,positive
1473,negative
1474,positive
1475,negative
1476,positive
1477,negative
1478,positive
1479,negative
1480,positive
1481,negative
1482,positive
1483,negative
1484,positive
1485,negative
1486,positive
1487,negative
1488,positive
1489,negative
1490,positive
1491,negative
1492,positive
1493,negative
1494,positive
1495,negative
1496,positive
1497,negative
1498,positive
1499,negative
1500,positive
1501,negative
1502,positive
1503,negative
1504,positive
1505,negative
1506,positive
1507,negative
1508,positive
1509,negative
1510,positive
1511,negative
1512,positive
1513,negative
1514,positive
1515,negative
1516,positive
1517,negative
1518,positive
1519,negative
1520,positive
1521,negative
1522,positive
1523,negative
1524,positive
1525,negative
1526,positive
1527,negative
1528,positive
1529,negative
1530,positive
1531,negative
1532,positive
1533,negative
1534,positive
1535,negative
1536,positive
1537,negative
1538,positive
1539,negative
1540,positive
1541,negative
1542,positive
1543,negative
1544,positive
1545,negative
1546,positive
1547,negative
1548,positive
1549,negative
1550,positive
1551,negative
1552,positive
1553,negative
1554,positive
1555,negative
1556,positive
1557,negative
1558,positive
1559,negative
1560,positive
1561,negative
1562,positive
1563,negative
1564,positive
1565,negative
1566,positive
1567,negative
1568,positive
1569,negative
1570,positive
1571,negative
1572,positive
1573,negative
1574,positive
1575,negative
1576,positive
1577,negative
1578,positive
1579,negative
1580,positive
1581,negative
1582,positive
1583,negative
1584,positive
1585,negative
1586,positive
1587,negative
1588,positive
1589,negative
1590,positive
1591,negative
1592,positive
1593,negative
1594,positive
1595,negative
1596,positive
1597,negative
1598,positive
1599,negative
1600,positive
1601,negative
1602,positive
1603,negative
1604,positive
1605,negative
1606,positive
1607,negative
1608,positive
1609,negative
1610,positive
1611,negative
1612,positive
1613,negative
1614,positive
1615,negative
1616,positive
1617,negative
1618,positive
1619,negative
1620,positive
1621,negative
1622,positive
1623,negative
1624,positive
1625,negative
1626,positive
1627,negative
1628,positive
1629,negative
1630,positive
1631,negative
1632,positive
1633,negative
1634,positive
1635,negative
1636,positive
1637,negative
1638,positive
1639,negative
1640,positive
1641,negative
1642,positive
1643,negative
1644,positive
1645,negative
1646,positive
1647,negative
1648,positive
1649,negative
1650,positive
1651,negative
1652,positive
1653,negative
1654,positive
1655,negative
1656,positive
1657,negative
1658,positive
1659,negative
1660,positive
1661,negative
1662,positive
1663,negative
1664,positive
1665,negative
1666,positive
1667,negative
1668,positive
1669,negative
1670,positive
1671,negative
1672,positive
1673,negative
1674,positive
1675,negative
1676,positive
1677,negative
1678,positive
1679,negative
1680,positive
1681,negative
1682,positive
1683,negative
1684,positive
1685,negative
1686,positive
1687,negative
1688,positive
1689,negative
1690,positive
1691,negative
1692,positive
1693,negative
1694,positive
1695,negative
1696,positive
1697,negative
1698,positive
1699,negative
1700,positive
1701,negative
1702,positive
1703,negative
1704,positive
1705,negative
1706,positive
1707,negative
1708,positive
1709,negative
1710,positive
1711,negative
1712,positive
1713,negative
1714,positive
1715,negative
1716,positive
1717,negative
1718,positive
1719,negative
1720,positive
1721,negative
1722,positive
1723,negative
1724,positive
1725,negative
1726,positive
1727,negative
1728,positive
1729,negative
1730,positive
1731,negative
1732,positive
1733,negative
1734,positive
1735,negative
1736,positive
1737,negative
1738,positive
1739,negative
1740,positive
1741,negative
1742,positive
1743,negative
1744,positive
1745,negative
1746,positive
1747,negative
1748,positive
1749,negative
1750,positive
1751,negative
1752,positive
1753,negative
1754,positive
1755,negative
1756,positive
1757,negative
1758,positive
1759,negative
1760,positive
1761,negative
1762,positive
1763,negative
1764,positive
1765,negative
1766,positive
1767,negative
1768,positive
1769,negative
1770,positive
1771,negative
1772,positive
1773,negative
1774,positive
1775,negative
1776,positive
1777,negative
1778,positive
1779,negative
1780,positive
1781,negative
1782,positive
1783,negative
1784,positive
1785,negative
1786,positive
1787,negative
1788,positive
1789,negative
1790,positive
1791,negative
1792,positive
1793,negative
1794,positive
1795,negative
1796,positive
1797,negative
1798,positive
1799,negative
1800,positive
1801,negative
1802,positive
1803,negative
1804,positive
1805,negative
1806,positive
1807,negative
1808,positive
1809,negative
1810,positive
1811,negative
1812,positive
1813,negative
1814,positive
1815,negative
1816,positive
1817,negative
1818,positive
1819,negative
1820,positive
1821,negative
1822,positive
1823,negative
1824,positive
1825,negative
1826,positive
1827,negative
1828,positive
1829,negative
1830,positive
1831,negative
1832,positive
1833,negative
1834,positive
1835,negative
1836,positive
1837,negative
1838,positive
1839,negative
1840,positive
1841,negative
1842,positive
1843,negative
1844,positive
1845,negative
1846,positive
1847,negative
1848,positive
1849,negative
1850,positive
1851,negative
1852,positive
1853,negative
1854,positive
1855,negative
1856,positive
1857,negative
1858,positive
1859,negative
1860,positive
1861,negative
1862,positive
1863,negative
1864,positive
1865,negative
1866,positive
1867,negative
1868,positive
1869,negative
1870,positive
1871,negative
1872,positive
1873,negative
1874,positive
1875,negative
1876,positive
1877,negative
1878,positive
1879,negative
1880,positive
1881,negative
1882,positive
1883,negative
1884,positive
1885,negative
1886,positive
1887,negative
1888,positive
1889,negative
1890,positive
1891,negative
1892,positive
1893,negative
1894,positive
1895,negative
1896,positive
1897,negative
1898,positive
1899,negative
1900,positive
1901,negative
1902,positive
1903,negative
1904,positive
1905,negative
1906,positive
1907,negative
1908,positive
1909,negative
1910,positive
1911,negative
1912,positive
1913,negative
1914,positive
1915,negative
1916,positive
1917,negative
1918,positive
1919,negative
1920,positive
1921,negative
1922,positive
1923,negative
1924,positive
1925,negative
1926,positive
1927,negative
1928,positive
1929,negative
1930,positive
1931,negative
1932,positive
1933,negative
1934,positive
1935,negative
1936,positive
1937,negative
1938,positive
1939,negative
1940,positive
1941,negative
1942,positive
1943,negative
1944,positive
1945,negative
1946,positive
1947,negative
1948,positive
1949,negative
1950,positive
1951,negative
1952,positive
1953,negative
1954,positive
1955,negative
1956,positive
1957,negative
1958,positive
1959,negative
1960,positive
1961,negative
1962,positive
1963,negative
1964,positive
1965,negative
1966,positive
1967,negative
1968,positive
1969,negative
1970,positive
1971,negative
1972,positive
1973,negative
1974,positive
1975,negative
1976,positive
1977,negative
1978,positive
1979,negative
1980,positive
1981,negative
1982,positive
1983,negative
1984,positive
1985,negative
1986,positive
1987,negative
1988,positive
1989,negative
1990,positive
1991,negative
1992,positive
1993,negative
1994,positive
1995,negative
1996,positive
1997,negative
1998,positive
1999,negative
2000,positive
2001,negative
2002,positive
2003,negative
2004,positive
2005,negative
2006,positive
2007,negative
2008,positive
2009,negative
2010,positive
2011,negative
2012,positive
2013,negative
2014,positive
2015,negative
2016,positive
2017,negative
2018,positive
2019,negative
2020,positive
2021,negative
2022,positive
2023,negative
2024,positive
2025,negative
2026,positive
2027,negative
2028,positive
2029,negative
2030,positive
2031,negative
2032,positive
2033,negative
2034,positive
2035,negative
2036,positive
2037,negative
2038,positive
2039,negative
2040,positive
2041,negative
2042,positive
2043,negative
2044,positive
2045,negative
2046,positive
2047,negative
2048,positive
2049,negative
2050,positive
2051,negative
2052,positive
2053,negative
2054,positive
2055,negative
2056,positive
2057,negative
2058,positive
2059,negative
2060,positive
2061,negative
2062,positive
2063,negative
2064,positive
2065,negative
2066,positive
2067,negative
2068,positive
2069,negative
2070,positive
2071,negative
2072,positive
2073,negative
2074,positive
2075,negative
2076,positive
2077,negative
2078,positive
2079,negative
2080,positive
2081,negative
2082,positive
2083,negative
2084,positive
2085,negative
2086,positive
2087,negative
2088,positive
2089,negative
2090,positive
2091,negative
2092,positive
2093,negative
2094,positive
2095,negative
2096,positive
2097,negative
2098,positive
2099,negative
2100,positive
2101,negative
2102,positive
2103,negative
2104,positive
2105,negative
2106,positive
2107,negative
2108,positive
2109,negative
2110,positive
2111,negative
2112,positive
2113,negative
2114,positive
2115,negative
2116,positive
2117,negative
2118,positive
2119,negative
2120,positive
2121,negative
2122,positive
2123,negative
2124,positive
2125,negative
2126,positive
2127,negative
2128,positive
2129,negative
2130,positive
2131,negative
2132,positive
2133,negative
2134,positive
2135,negative
2136,positive
2137,negative
2138,positive
2139,negative
2140,positive
2141,negative
2142,positive
2143,negative
2144,positive
2145,negative
2146,positive
2147,negative
2148,positive
2149,negative
2150,positive
2151,negative
2152,positive
2153,negative
2154,positive
2155,negative
2156,positive
2157,negative
2158,positive
2159,negative
2160,positive
2161,negative
2162,positive
2163,negative
2164,positive
2165,negative
2166,positive
2167,negative
2168,positive
2169,negative
2170,positive
2171,negative
2172,positive
2173,negative
2174,positive
2175,negative
2176,positive
2177,negative
2178,positive
2179,negative
2180,positive
2181,negative
2182,positive
2183,negative
2184,positive
2185,negative
2186,positive
2187,negative
2188,positive
2189,negative
2190,positive
2191,negative
2192,positive
2193,negative
2194,positive
2195,negative
2196,positive
2197,negative
2198,positive
2199,negative
2200,positive
2201,negative
2202,positive
2203,negative
2204,positive
2205,negative
2206,positive
2207,negative
2208,positive
2209,negative
2210,positive
2211,negative
2212,positive
2213,negative
2214,positive
2215,negative
2216,positive
2217,negative
2218,positive
2219,negative
2220,positive
2221,negative
2222,positive
2223,negative
2224,positive
2225,negative
2226,positive
2227,negative
2228,positive
2229,negative
2230,positive
2231,negative
2232,positive
2233,negative
2234,positive
2235,negative
2236,positive
2237,negative
2238,positive
2239,negative
2240,positive
2241,negative
2242,positive
2243,negative
2244,positive
2245,negative
2246,positive
2247,negative
2248,positive
2249,negative
2250,positive
2251,negative
2252,positive
2253,negative
2254,positive
2255,negative
2256,positive
2257,negative
2258,positive
2259,negative
2260,positive
2261,negative
2262,positive
2263,negative
2264,positive
2265,negative
2266,positive
2267,negative
2268,positive
2269,negative
2270,positive
2271,negative
2272,positive
2273,negative
2274,positive
2275,negative
2276,positive
2277,negative
2278,positive
2279,negative
2280,positive
2281,negative
2282,positive
2283,negative
2284,positive
2285,negative
2286,positive
2287,negative
2288,positive
2289,negative
2290,positive
2291,negative
2292,positive
2293,negative
2294,positive
2295,negative
2296,positive
2297,negative
2298,positive
2299,negative
2300,positive
2301,negative
2302,positive
2303,negative
2304,positive
2305,negative
2306,positive
2307,negative
2308,positive
2309,negative
2310,positive
2311,negative
2312,positive
2313,negative
2314,positive
2315,negative
2316,positive
2317,negative
2318,positive
2319,negative
2320,positive
2321,negative
2322,positive
2323,negative
2324,positive
2325,negative
2326,positive
2327,negative
2328,positive
2329,negative
2330,positive
2331,negative
2332,positive
2333,negative
2334,positive
2335,negative
2336,positive
2337,negative
2338,positive
2339,negative
2340,positive
2341,negative
2342,positive
2343,negative
2344,positive
2345,negative
2346,positive
2347,negative
2348,positive
2349,negative
2350,positive
2351,negative
2352,positive
2353,negative
2354,positive
2355,negative
2356,positive
2357,negative
2358,positive
2359,negative
2360,positive
2361,negative
2362,positive
2363,negative
2364,positive
2365,negative
2366,positive
2367,negative
2368,positive
2369,negative
2370,positive
2371,negative
2372,positive
2373,negative
2374,positive
2375,negative
2376,positive
2377,negative
2378,positive
2379,negative
2380,positive
2381,negative
2382,positive
2383,negative
2384,positive
2385,negative
2386,positive
2387,negative
2388,positive
2389,negative
2390,positive
2391,negative
2392,positive
2393,negative
2394,positive
2395,negative
2396,positive
2397,negative
2398,positive
2399,negative
2400,positive
2401,negative
2402,positive
2403,negative
2404,positive
2405,negative
2406,positive
2407,negative
2408,positive
2409,negative
2410,positive
2411,negative
2412,positive
2413,negative
2414,positive
2415,negative
2416,positive
2417,negative
2418,positive
2419,negative
2420,positive
2421,negative
2422,positive
2423,negative
2424,positive
2425,negative
2426,positive
2427,negative
2428,positive
2429,negative
2430,positive
2431,negative
2432,positive
2433,negative
2434,positive
2435,negative
2436,positive
2437,negative
2438,positive
2439,negative
2440,positive
2441,negative
2442,positive
2443,negative
2444,positive
2445,negative
2446,positive
2447,negative
2448,positive
2449,negative
2450,positive
2451,negative
2452,positive
2453,negative
2454,positive
2455,negative
2456,positive
2457,negative
2458,positive
2459,negative
2460,positive
2461,negative
2462,positive
2463,negative
2464,positive
2465,negative
2466,positive
2467,negative
2468,positive
2469,negative
2470,positive
2471,negative
2472,positive
2473,negative
2474,positive
2475,negative
2476,positive
2477,negative
2478,positive
2479,negative
2480,positive
2481,negative
2482,positive
2483,negative
2484,positive
2485,negative
2486,positive
2487,negative
2488,positive
2489,negative
2490,positive
2491,negative
2492,positive
2493,negative
2494,positive
2495,negative
2496,positive
2497,negative
2498,positive
2499,negative
2500,positive
2501,negative
2502,positive
2503,negative
2504,positive
2505,negative
2506,positive
2507,negative
2508,positive
2509,negative
2510,positive
2511,negative
2512,positive
2513,negative
2514,positive
2515,negative
2516,positive
2517,negative
2518,positive
2519,negative
2520,positive
2521,negative
2522,positive
2523,negative
2524,positive
2525,negative
2526,positive
2527,negative
2528,positive
2529,negative
2530,positive
2531,negative
2532,positive
2533,negative
2534,positive
2535,negative
2536,positive
2537,negative
2538,positive
2539,negative
2540,positive
2541,negative
2542,positive
2543,negative
2544,positive
2545,negative
2546,positive
2547,negative
2548,positive
2549,negative
2550,positive
2551,negative
2552,positive
2553,negative
2554,positive
2555,negative
2556,positive
2557,negative
2558,positive
2559,negative
2560,positive
2561,negative
2562,positive
2563,negative
2564,positive
2565,negative
2566,positive
2567,negative
2568,positive
2569,negative
2570,positive
2571,negative
2572,positive
2573,negative
2574,positive
2575,negative
2576,positive
2577,negative
2578,positive
2579,negative
2580,positive
2581,negative
2582,positive
2583,negative
2584,positive
2585,negative
2586,positive
2587,negative
2588,positive
2589,negative
2590,positive
2591,negative
2592,positive
2593,negative
2594,positive
2595,negative
2596,positive
2597,negative
2598,positive
2599,negative
2600,positive
2601,negative
2602,positive
2603,negative
2604,positive
2605,negative
2606,positive
2607,negative
2608,positive
2609,negative
2610,positive
2611,negative
2612,positive
2613,negative
2614,positive
2615,negative
2616,positive
2617,negative
2618,positive
2619,negative
2620,positive
2621,negative
2622,positive
2623,negative
2624,positive
2625,negative
2626,positive
2627,negative
2628,positive
2629,negative
2630,positive
2631,negative
2632,positive
2633,negative
2634,positive
2635,negative
2636,positive
2637,negative
2638,positive
2639,negative
2640,positive
2641,negative
2642,positive
2643,negative
2644,positive
2645,negative
2646,positive
2647,negative
2648,positive
2649,negative
2650,positive
2651,negative
2652,positive
2653,negative
2654,positive
2655,negative
2656,positive
2657,negative
2658,positive
2659,negative
2660,positive
2661,negative
2662,positive
2663,negative
2664,positive
2665,negative
2666,positive
2667,negative
2668,positive
2669,negative
2670,positive
2671,negative
2672,positive
2673,negative
2674,positive
2675,negative
2676,positive
2677,negative
2678,positive
2679,negative
2680,positive
2681,negative
2682,positive
2683,negative
2684,positive
2685,negative
2686,positive
2687,negative
2688,positive
2689,negative
2690,positive
2691,negative
2692,positive
2693,negative
2694,positive
2695,negative
2696,positive
2697,negative
2698,positive
2699,negative
2700,positive
2701,negative
2702,positive
2703,negative
2704,positive
2705,negative
2706,positive
2707,negative
2708,positive
2709,negative
2710,positive
2711,negative
2712,positive
2713,negative
2714,positive
2715,negative
2716,positive
2717,negative
2718,positive
2719,negative
2720,positive
2721,negative
2722,positive
2723,negative
2724,positive
2725,negative
2726,positive
2727,negative
2728,positive
2729,negative
2730,positive
2731,negative
2732,positive
2733,negative
2734,positive
2735,negative
2736,positive
2737,negative
2738,positive
2739,negative
2740,positive
2741,negative
2742,positive
2743,negative
2744,positive
2745,negative
2746,positive
2747,negative
2748,positive
2749,negative
2750,positive
2751,negative
2752,positive
2753,negative
2754,positive
2755,negative
2756,positive
2757,negative
2758,positive
2759,negative
2760,positive
2761,negative
2762,positive
2763,negative
2764,positive
2765,negative
2766,positive
2767,negative
2768,positive
2769,negative
2770,positive
2771,negative
2772,positive
2773,negative
2774,positive
2775,negative
2776,positive
2777,negative
2778,positive
2779,negative
2780,positive
2781,negative
2782,positive
2783,negative
2784,positive
2785,negative
2786,positive
2787,negative
2788,positive
2789,negative
2790,positive
2791,negative
2792,positive
2793,negative
2794,positive
2795,negative
2796,positive
2797,negative
2798,positive
2799,negative
2800,positive
2801,negative
2802,positive
2803,negative
2804,positive
2805,negative
2806,positive
2807,negative
2808,positive
2809,negative
2810,positive
2811,negative
2812,positive
2813,negative
2814,positive
2815,negative
2816,positive
2817,negative
2818,positive
2819,negative
2820,positive
2821,negative
2822,positive
2823,negative
2824,positive
2825,negative
2826,positive
2827,negative
2828,positive
2829,negative
2830,positive
2831,negative
2832,positive
2833,negative
2834,positive
2835,negative
2836,positive
2837,negative
2838,positive
2839,negative
2840,positive
2841,negative
2842,positive
2843,negative
2844,positive
2845,negative
2846,positive
2847,negative
2848,positive
2849,negative
2850,positive
2851,negative
2852,positive
2853,negative
2854,positive
2855,negative
2856,positive
2857,negative
2858,positive
2859,negative
2860,positive
2861,negative
2862,positive
2863,negative
2864,positive
2865,negative
2866,positive
2867,negative
2868,positive
2869,negative
2870,positive
2871,negative
2872,positive
2873,negative
2874,positive
2875,negative
2876,positive
2877,negative
2878,positive
2879,negative
2880,positive
2881,negative
2882,positive
2883,negative
2884,positive
2885,negative
2886,positive
2887,negative
2888,positive
2889,negative
2890,positive
2891,negative
2892,positive
2893,negative
2894,positive
2895,negative
2896,positive
2897,negative
2898,positive
2899,negative
2900,positive
2901,negative
2902,positive
2903,negative
2904,positive
2905,negative
2906,positive
2907,negative
2908,positive
2909,negative
2910,positive
2911,negative
2912,positive
2913,negative
2914,positive
2915,negative
2916,positive
2917,negative
2918,positive
2919,negative
2920,positive
2921,negative
2922,positive
2923,negative
2924,positive
2925,negative
2926,positive
2927,negative
2928,positive
2929,negative
2930,positive
2931,negative
2932,positive
2933,negative
2934,positive
2935,negative
2936,positive
2937,negative
2938,positive
2939,negative
2940,positive
2941,negative
2942,positive
2943,negative
2944,positive
2945,negative
2946,positive
2947,negative
2948,positive
2949,negative
2950,positive
2951,negative
2952,positive
2953,negative
2954,positive
2955,negative
2956,positive
2957,negative
2958,positive
2959,negative
2960,positive
2961,negative
2962,positive
2963,negative
2964,positive
2965,negative
2966,positive
2967,negative
2968,positive
2969,negative
2970,positive
2971,negative
2972,positive
2973,negative
2974,positive
2975,negative
2976,positive
2977,negative
2978,positive
2979,negative
2980,positive
2981,negative
2982,positive
2983,negative
2984,positive
2985,negative
2986,positive
2987,negative
2988,positive
2989,negative
2990,positive
2991,negative
2992,positive
2993,negative
2994,positive
2995,negative
2996,positive
2997,negative
2998,positive
2999,negative
3000,positive
3001,negative
3002,positive
3003,negative
3004,positive
3005,negative
3006,positive
3007,negative
3008,positive
3009,negative
3010,positive
3011,negative
3012,positive
3013,negative
3014,positive
3015,negative
3016,positive
3017,negative
3018,positive
3019,negative
3020,positive
3021,negative
3022,positive
3023,negative
3024,positive
3025,negative
3026,positive
3027,negative
3028,positive
3029,negative
3030,positive
3031,negative
3032,positive
3033,negative
3034,positive
3035,negative
3036,positive
3037,negative
3038,positive
3039,negative
3040,positive
3041,negative
3042,positive
3043,negative
3044,positive
3045,negative
3046,positive
3047,negative
3048,positive
3049,negative
3050,positive
3051,negative
3052,positive
3053,negative
3054,positive
3055,negative
3056,positive
3057,negative
3058,positive
3059,negative
3060,positive
3061,negative
3062,positive
3063,negative
3064,positive
3065,negative
3066,positive
3067,negative
3068,positive
3069,negative
3070,positive
3071,negative
3072,positive
3073,negative
3074,positive
3075,negative
3076,positive
3077,negative
3078,positive
3079,negative
3080,positive
3081,negative
3082,positive
3083,negative
3084,positive
3085,negative
3086,positive
3087,negative
3088,positive
3089,negative
3090,positive
3091,negative
3092,positive
3093,negative
3094,positive
3095,negative
3096,positive
3097,negative
3098,positive
3099,negative
3100,positive
3101,negative
3102,positive
3103,negative
3104,positive
3105,negative
3106,positive
3107,negative
3108,positive
3109,negative
3110,positive
3111,negative
3112,positive
3113,negative
3114,positive
3115,negative
3116,positive
3117,negative
3118,positive
3119,negative
3120,positive
3121,negative
3122,positive
3123,negative
3124,positive
3125,negative
3126,positive
3127,negative
3128,positive
3129,negative
3130,positive
3131,negative
3132,positive
3133,negative
3134,positive
3135,negative
3136,positive
3137,negative
3138,positive
3139,negative
3140,positive
3141,negative
3142,positive
3143,negative
3144,positive
3145,negative
3146,positive
3147,negative
3148,positive
3149,negative
3150,positive
3151,negative
3152,positive
3153,negative
3154,positive
3155,negative
3156,positive
3157,negative
3158,positive
3159,negative
3160,positive
3161,negative
3162,positive
3163,negative
3164,positive
3165,negative
3166,positive
3167,negative
3168,positive
3169,negative
3170,positive
3171,negative
3172,positive
3173,negative
3174,positive
3175,negative
3176,positive
3177,negative
3178,positive
3179,negative
3180,positive
3181,negative
3182,positive
3183,negative
3184,positive
3185,negative
3186,positive
3187,negative
3188,positive
3189,negative
3190,positive
3191,negative
3192,positive
3193,negative
3194,positive
3195,negative
3196,positive
3197,negative
3198,positive
3199,negative
3200,positive
3201,negative
3202,positive
3203,negative
3204,positive
3205,negative
3206,positive
3207,negative
3208,positive
3209,negative
3210,positive
3211,negative
3212,positive
3213,negative
3214,positive
3215,negative
3216,positive
3217,negative
3218,positive
3219,negative
3220,positive
3221,negative
3222,positive
3223,negative
3224,positive
3225,negative
3226,positive
3227,negative
3228,positive
3229,negative
3230,positive
3231,negative
3232,positive
3233,negative
3234,positive
3235,negative
3236,positive
3237,negative
3238,positive
3239,negative
3240,positive
3241,negative
3242,positive
3243,negative
3244,positive
3245,negative
3246,positive
3247,negative
3248,positive
3249,negative
3250,positive
3251,negative
3252,positive
3253,negative
3254,positive
3255,negative
3256,positive
3257,negative
3258,positive
3259,negative
3260,positive
3261,negative
3262,positive
3263,negative
3264,positive
3265,negative
3266,positive
3267,negative
3268,positive
3269,negative
3270,positive
3271,negative
3272,positive
3273,negative
3274,positive
3275,negative
3276,positive
3277,negative
3278,positive
3279,negative
3280,positive
3281,negative
3282,positive
3283,negative
3284,positive
3285,negative
3286,positive
3287,negative
3288,positive
3289,negative
3290,positive
3291,negative
3292,positive
3293,negative
3294,positive
3295,negative
3296,positive
3297,negative
3298,positive
3299,negative
3300,positive
3301,negative
3302,positive
3303,negative
3304,positive
3305,negative
3306,positive
3307,negative
3308,positive
3309,negative
3310,positive
3311,negative
3312,positive
3313,negative
3314,positive
3315,negative
3316,positive
3317,negative
3318,positive
3319,negative
3320,positive
3321,negative
3322,positive
3323,negative
3324,positive
3325,negative
3326,positive
3327,negative
3328,positive
3329,negative
3330,positive
3331,negative
3332,positive
3333,negative
3334,positive
3335,negative
3336,positive
3337,negative
3338,positive
3339,negative
3340,positive
3341,negative
3342,positive
3343,negative
3344,positive
3345,negative
3346,positive
3347,negative
3348,positive
3349,negative
3350,positive
3351,negative
3352,positive
3353,negative
3354,positive
3355,negative
3356,positive
3357,negative
3358,positive
3359,negative
3360,positive
3361,negative
3362,positive
3363,negative
3364,positive
3365,negative
3366,positive
3367,negative
3368,positive
3369,negative
3370,positive
3371,negative
3372,positive
3373,negative
3374,positive
3375,negative
3376,positive
3377,negative
3378,positive
3379,negative
3380,positive
3381,negative
3382,positive
3383,negative
3384,positive
3385,negative
3386,positive
3387,negative
3388,positive
3389,negative
3390,positive
3391,negative
3392,positive
3393,negative
3394,positive
3395,negative
3396,positive
3397,negative
3398,positive
3399,negative
3400,positive
3401,negative
3402,positive
3403,negative
3404,positive
3405,negative
3406,positive
3407,negative
3408,positive
3409,negative
3410,positive
3411,negative
3412,positive
3413,negative
3414,positive
3415,negative
3416,positive
3417,negative
3418,positive
3419,negative
3420,positive
3421,negative
3422,positive
3423,negative
3424,positive
3425,negative
3426,positive
3427,negative
3428,positive
3429,negative
3430,positive
3431,negative
3432,positive
3433,negative
3434,positive
3435,negative
3436,positive
3437,negative
3438,positive
3439,negative
3440,positive
3441,negative
3442,positive
3443,negative
3444,positive
3445,negative
3446,positive
3447,negative
3448,positive
3449,negative
3450,positive
3451,negative
3452,positive
3453,negative
3454,positive
3455,negative
3456,positive
3457,negative
3458,positive
3459,negative
3460,positive
3461,negative
3462,positive
3463,negative
3464,positive
3465,negative
3466,positive
3467,negative
3468,positive
3469,negative
3470,positive
3471,negative
3472,positive
3473,negative
3474,positive
3475,negative
3476,positive
3477,negative
3478,positive
3479,negative
3480,positive
3481,negative
3482,positive
3483,negative
3484,positive
3485,negative
3486,positive
3487,negative
3488,positive
3489,negative
3490,positive
3491,negative
3492,positive
3493,negative
3494,positive
3495,negative
3496,positive
3497,negative
3498,positive
3499,negative
3500,positive
3501,negative
3502,positive
3503,negative
3504,positive
3505,negative
3506,positive
3507,negative
3508,positive
3509,negative
3510,positive
3511,negative
3512,positive
3513,negative
3514,positive
3515,negative
3516,positive
3517,negative
3518,positive
3519,negative
3520,positive
3521,negative
3522,positive
3523,negative
3524,positive
3525,negative
3526,positive
3527,negative
3528,positive
3529,negative
3530,positive
3531,negative
3532,positive
3533,negative
3534,positive
3535,negative
3536,positive
3537,negative
3538,positive
3539,negative
3540,positive
3541,negative
3542,positive
3543,negative
3544,positive
3545,negative
3546,positive
3547,negative
3548,positive
3549,negative
3550,positive
3551,negative
3552,positive
3553,negative
3554,positive
3555,negative
3556,positive
3557,negative
3558,positive
3559,negative
3560,positive
3561,negative
3562,positive
3563,negative
3564,positive
3565,negative
3566,positive
3567,negative
3568,positive
3569,negative
3570,positive
3571,negative
3572,positive
3573,negative
3574,positive
3575,negative
3576,positive
3577,negative
3578,positive
3579,negative
3580,positive
3581,negative
3582,positive
3583,negative
3584,positive
3585,negative
3586,positive
3587,negative
3588,positive
3589,negative
3590,positive
3591,negative
3592,positive
3593,negative
3594,positive
3595,negative
3596,positive
3597,negative
3598,positive
3599,negative
3600,positive
3601,negative
3602,positive
3603,negative
3604,positive
3605,negative
3606,positive
3607,negative
3608,positive
3609,negative
3610,positive
3611,negative
3612,positive
3613,negative
3614,positive
3615,negative
3616,positive
3617,negative
3618,positive
3619,negative
3620,positive
3621,negative
3622,positive
3623,negative
3624,positive
3625,negative
3626,positive
3627,negative
3628,positive
3629,negative
3630,positive
3631,negative
3632,positive
3633,negative
3634,positive
3635,negative
3636,positive
3637,negative
3638,positive
3639,negative
3640,positive
3641,negative
3642,positive
3643,negative
3644,positive
3645,negative
3646,positive
3647,negative
3648,positive
3649,negative
3650,positive
3651,negative
3652,positive
3653,negative
3654,positive
3655,negative
3656,positive
3657,negative
3658,positive
3659,negative
3660,positive
3661,negative
3662,positive
3663,negative
3664,positive
3665,negative
3666,positive
3667,negative
3668,positive
3669,negative
3670,positive
3671,negative
3672,positive
3673,negative
3674,positive
3675,negative
3676,positive
3677,negative
3678,positive
3679,negative
3680,positive
3681,negative
3682,positive
3683,negative
3684,positive
3685,negative
3686,positive
3687,negative
3688,positive
3689,negative
3690,positive
3691,negative
3692,positive
3693,negative
3694,positive
3695,negative
3696,positive
3697,negative
3698,positive
3699,negative
3700,positive
3701,negative
3702,positive
3703,negative
3704,positive
3705,negative
3706,positive
3707,negative
3708,positive
3709,negative
3710,positive
3711,negative
3712,positive
3713,negative
3714,positive
3715,negative
3716,positive
3717,negative
3718,positive
3719,negative
3720,positive
3721,negative
3722,positive
3723,negative
3724,positive
3725,negative
3726,positive
3727,negative
3728,positive
3729,negative
3730,positive
3731,negative
3732,positive
3733,negative
3734,positive
3735,negative
3736,positive
3737,negative
3738,positive
3739,negative
3740,positive
3741,negative
3742,positive
3743,negative
3744,positive
3745,negative
3746,positive
3747,negative
3748,positive
3749,negative
3750,positive
3751,negative
3752,positive
3753,negative
3754,positive
3755,negative
3756,positive
3757,negative
3758,positive
3759,negative
3760,positive
3761,negative
3762,positive
3763,negative
3764,positive
3765,negative
3766,positive
3767,negative
3768,positive
3769,negative
3770,positive
3771,negative
3772,positive
3773,negative
3774,positive
3775,negative
3776,positive
3777,negative
3778,positive
3779,negative
3780,positive
3781,negative
3782,positive
3783,negative
3784,positive
3785,negative
3786,positive
3787,negative
3788,positive
3789,negative
3790,positive
3791,negative
3792,positive
3793,negative
3794,positive
3795,negative
3796,positive
3797,negative
3798,positive
3799,negative
3800,positive
3801,negative
3802,positive
3803,negative
3804,positive
3805,negative
3806,positive
3807,negative
3808,positive
3809,negative
3810,positive
3811,negative
3812,positive
3813,negative
3814,positive
3815,negative
3816,positive
3817,negative
3818,positive
3819,negative
3820,positive
3821,negative
3822,positive
3823,negative
3824,positive
3825,negative
3826,positive
3827,negative
3828,positive
3829,negative
3830,positive
3831,negative
3832,positive
3833,negative
3834,positive
3835,negative
3836,positive
3837,negative
3838,positive
3839,negative
3840,positive
3841,negative
3842,positive
3843,negative
3844,positive
3845,negative
3846,positive
3847,negative
3848,positive
3849,negative
3850,positive
3851,negative
3852,positive
3853,negative
3854,positive
3855,negative
3856,positive
3857,negative
3858,positive
3859,negative
3860,positive
3861,negative
3862,positive
3863,negative
3864,positive
3865,negative
3866,positive
3867,negative
3868,positive
3869,negative
3870,positive
3871,negative
3872,positive
3873,negative
3874,positive
3875,negative
3876,positive
3877,negative
3878,positive
3879,negative
3880,positive
3881,negative
3882,positive
3883,negative
3884,positive
3885,negative
3886,positive
3887,negative
3888,positive
3889,negative
3890,positive
3891,negative
3892,positive
3893,negative
3894,positive
3895,negative
3896,positive
3897,negative
3898,positive
3899,negative
3900,positive
3901,negative
3902,positive
3903,negative
3904,positive
3905,negative
3906,positive
3907,negative
3908,positive
3909,negative
3910,positive
3911,negative
3912,positive
3913,negative
3914,positive
3915,negative
3916,positive
3917,negative
3918,positive
3919,negative
3920,positive
3921,negative
3922,positive
3923,negative
3924,positive
3925,negative
3926,positive
3927,negative
3928,positive
3929,negative
3930,positive
3931,negative
3932,positive
3933,negative
3934,positive
3935,negative
3936,positive
3937,negative
3938,positive
3939,negative
3940,positive
3941,negative
3942,positive
3943,negative
3944,positive
3945,negative
3946,positive
3947,negative
3948,positive
3949,negative
3950,positive
3951,negative
3952,positive
3953,negative
3954,positive
3955,negative
3956,positive
3957,negative
3958,positive
3959,negative
3960,positive
3961,negative
3962,positive
3963,negative
3964,positive
3965,negative
3966,positive
3967,negative
3968,positive
3969,negative
3970,positive
3971,negative
3972,positive
3973,negative
3974,positive
3975,negative
3976,positive
3977,negative
3978,positive
3979,negative
3980,positive
3981,negative
3982,positive
3983,negative
3984,positive
3985,negative
3986,positive
3987,negative
3988,positive
3989,negative
3990,positive
3991,negative
3992,positive
3993,negative
3994,positive
3995,negative
3996,positive
3997,negative
3998,positive
3999,negative
4000,positive
4001,negative
4002,positive
4003,negative
4004,positive
4005,negative
4006,positive
4007,negative
4008,positive
4009,negative
4010,positive
4011,negative
4012,positive
4013,negative
4014,positive
4015,negative
4016,positive
4017,negative
4018,positive
4019,negative
4020,positive
4021,negative
4022,positive
4023,negative
4024,positive
4025,negative
4026,positive
4027,negative
4028,positive
4029,negative
4030,positive
4031,negative
4032,positive
4033,negative
4034,positive
4035,negative
4036,positive
4037,negative
4038,positive
4039,negative
4040,positive
4041,negative
4042,positive
4043,negative
4044,positive
4045,negative
4046,positive
4047,negative
4048,positive
4049,negative
4050,positive
4051,negative
4052,positive
4053,negative
4054,positive
4055,negative
4056,positive
4057,negative
4058,positive
4059,negative
4060,positive
4061,negative
4062,positive
4063,negative
4064,positive
4065,negative
4066,positive
4067,negative
4068,positive
4069,negative
4070,positive
4071,negative
4072,positive
4073,negative
4074,positive
4075,negative
4076,positive
4077,negative
4078,positive
4079,negative
4080,positive
4081,negative
4082,positive
4083,negative
4084,positive
4085,negative
4086,positive
4087,negative
4088,positive
4089,negative
4090,positive
4091,negative
4092,positive
4093,negative
4094,positive
4095,negative
4096,positive
4097,negative
4098,positive
4099,negative
4100,positive
4101,negative
4102,positive
4103,negative
4104,positive
4105,negative
4106,positive
4107,negative
4108,positive
4109,negative
4110,positive
4111,negative
4112,positive
4113,negative
4114,positive
4115,negative
4116,positive
4117,negative
4118,positive
4119,negative
4120,positive
4121,negative
4122,positive
4123,negative
4124,positive
4125,negative
4126,positive
4127,negative
4128,positive
4129,negative
4130,positive
4131,negative
4132,positive
4133,negative
4134,positive
4135,negative
4136,positive
4137,negative
4138,positive
4139,negative
4140,positive
4141,negative
4142,positive
4143,negative
4144,positive
4145,negative
4146,positive
4147,negative
4148,positive
4149,negative
4150,positive
4151,negative
4152,positive
4153,negative
4154,positive
4155,negative
4156,positive
4157,negative
4158,positive
4159,negative
4160,positive
4161,negative
4162,positive
4163,negative
4164,positive
4165,negative
4166,positive
4167,negative
4168,positive
4169,negative
4170,positive
4171,negative
4172,positive
4173,negative
4174,positive
4175,negative
4176,positive
4177,negative
4178,positive
4179,negative
4180,positive
4181,negative
4182,positive
4183,negative
4184,positive
4185,negative
4186,positive
4187,negative
4188,positive
4189,negative
4190,positive
4191,negative
4192,positive
4193,negative
4194,positive
4195,negative
4196,positive
4197,negative
4198,positive
4199,negative
4200,positive
4201,negative
4202,positive
4203,negative
4204,positive
4205,negative
4206,positive
4207,negative
4208,positive
4209,negative
4210,positive
4211,negative
4212,positive
4213,negative
4214,positive
4215,negative
4216,positive
4217,negative
4218,positive
4219,negative
4220,positive
4221,negative
4222,positive
4223,negative
4224,positive
4225,negative
4226,positive
4227,negative
4228,positive
4229,negative
4230,positive
4231,negative
4232,positive
4233,negative
4234,positive
4235,negative
4236,positive
4237,negative
4238,positive
4239,negative
4240,positive
4241,negative
4242,positive
4243,negative
4244,positive
4245,negative
4246,positive
4247,negative
4248,positive
4249,negative
4250,positive
4251,negative
4252,positive
4253,negative
4254,positive
4255,negative
4256,positive
4257,negative
4258,positive
4259,negative
4260,positive
4261,negative
4262,positive
4263,negative
4264,positive
4265,negative
4266,positive
4267,negative
4268,positive
4269,negative
4270,positive
4271,negative
4272,positive
4273,negative
4274,positive
4275,negative
4276,positive
4277,negative
4278,positive
4279,negative
4280,positive
4281,negative
4282,positive
4283,negative
4284,positive
4285,negative
4286,positive
4287,negative
4288,positive
4289,negative
4290,positive
4291,negative
4292,positive
4293,negative
4294,positive
4295,negative
4296,positive
4297,negative
4298,positive
4299,negative
4300,positive
4301,negative
4302,positive
4303,negative
4304,positive
4305,negative
4306,positive
4307,negative
4308,positive
4309,negative
4310,positive
4311,negative
4312,positive
4313,negative
4314,positive
4315,negative
4316,positive
4317,negative
4318,positive
4319,negative
4320,positive
4321,negative
4322,positive
4323,negative
4324,positive
4325,negative
4326,positive
4327,negative
4328,positive
4329,negative
4330,positive
4331,negative
4332,positive
4333,negative
4334,positive
4335,negative
4336,positive
4337,negative
4338,positive
4339,negative
4340,positive
4341,negative
4342,positive
4343,negative
4344,positive
4345,negative
4346,positive
4347,negative
4348,positive
4349,negative
4350,positive
4351,negative
4352,positive
4353,negative
4354,positive
4355,negative
4356,positive
4357,negative
4358,positive
4359,negative
4360,positive
4361,negative
4362,positive
4363,negative
4364,positive
4365,negative
4366,positive
4367,negative
4368,positive
4369,negative
4370,positive
4371,negative
4372,positive
4373,negative
4374,positive
4375,negative
4376,positive
4377,negative
4378,positive
4379,negative
4380,positive
4381,negative
4382,positive
4383,negative
4384,positive
4385,negative
4386,positive
4387,negative
4388,positive
4389,negative
4390,positive
4391,negative
4392,positive
4393,negative
4394,positive
4395,negative
4396,positive
4397,negative
4398,positive
4399,negative
4400,positive
4401,negative
4402,positive
4403,negative
4404,positive
4405,negative
4406,positive
4407,negative
4408,positive
4409,negative
4410,positive
4411,negative
4412,positive
4413,negative
4414,positive
4415,negative
4416,positive
4417,negative
4418,positive
4419,negative
4420,positive
4421,negative
4422,positive
4423,negative
4424,positive
4425,negative
4426,positive
4427,negative
4428,positive
4429,negative
4430,positive
4431,negative
4432,positive
4433,negative
4434,positive
4435,negative
4436,positive
4437,negative
4438,positive
4439,negative
4440,positive
4441,negative
4442,positive
4443,negative
4444,positive
4445,negative
4446,positive
4447,negative
4448,positive
4449,negative
4450,positive
4451,negative
4452,positive
4453,negative
4454,positive
4455,negative
4456,positive
4457,negative
4458,positive
4459,negative
4460,positive
4461,negative
4462,positive
4463,negative
4464,positive
4465,negative
4466,positive
4467,negative
4468,positive
4469,negative
4470,positive
4471,negative
4472,positive
4473,negative
4474,positive
4475,negative
4476,positive
4477,negative
4478,positive
4479,negative
4480,positive
4481,negative
4482,positive
4483,negative
4484,positive
4485,negative
4486,positive
4487,negative
4488,positive
4489,negative
4490,positive
4491,negative
4492,positive
4493,negative
4494,positive
4495,negative
4496,positive
4497,negative
4498,positive
4499,negative
4500,positive
4501,negative
4502,positive
4503,negative
4504,positive
4505,negative
4506,positive
4507,negative
4508,positive
4509,negative
4510,positive
4511,negative
4512,positive
4513,negative
4514,positive
4515,negative
4516,positive
4517,negative
4518,positive
4519,negative
4520,positive
4521,negative
4522,positive
4523,negative
4524,positive
4525,negative
4526,positive
4527,negative
4528,positive
4529,negative
4530,positive
4531,negative
4532,positive
4533,negative
4534,positive
4535,negative
4536,positive
4537,negative
4538,positive
4539,negative
4540,positive
4541,negative
4542,positive
4543,negative
4544,positive
4545,negative
4546,positive
4547,negative
4548,positive
4549,negative
4550,positive
4551,negative
4552,positive
4553,negative
4554,positive
4555,negative
4556,positive
4557,negative
4558,positive
4559,negative
4560,positive
4561,negative
4562,positive
4563,negative
4564,positive
4565,negative
4566,positive
4567,negative
4568,positive
4569,negative
4570,positive
4571,negative
4572,positive
4573,negative
4574,positive
4575,negative
4576,positive
4577,negative
4578,positive
4579,negative
4580,positive
4581,negative
4582,positive
4583,negative
4584,positive
4585,negative
4586,positive
4587,negative
4588,positive
4589,negative
4590,positive
4591,negative
4592,positive
4593,negative
4594,positive
4595,negative
4596,positive
4597,negative
4598,positive
4599,negative
4600,positive
4601,negative
4602,positive
4603,negative
4604,positive
4605,negative
4606,positive
4607,negative
4608,positive
4609,negative
4610,positive
4611,negative
4612,positive
4613,negative
4614,positive
4615,negative
4616,positive
4617,negative
4618,positive
4619,negative
4620,positive
4621,negative
4622,positive
4623,negative
4624,positive
4625,negative
4626,positive
4627,negative
4628,positive
4629,negative
4630,positive
4631,negative
4632,positive
4633,negative
4634,positive
4635,negative
4636,positive
4637,negative
4638,positive
4639,negative
4640,positive
4641,negative
4642,positive
4643,negative
4644,positive
4645,negative
4646,positive
4647,negative
4648,positive
4649,negative
4650,positive
4651,negative
4652,positive
4653,negative
4654,positive
4655,negative
4656,positive
4657,negative
4658,positive
4659,negative
4660,positive
4661,negative
4662,positive
4663,negative
4664,positive
4665,negative
4666,positive
4667,negative
4668,positive
4669,negative
4670,positive
4671,negative
4672,positive
4673,negative
4674,positive
4675,negative
4676,positive
4677,negative
4678,positive
4679,negative
4680,positive
4681,negative
4682,positive
4683,negative
4684,positive
4685,negative
4686,positive
4687,negative
4688,positive
4689,negative
4690,positive
4691,negative
4692,positive
4693,negative
4694,positive
4695,negative
4696,positive
4697,negative
4698,positive
4699,negative
4700,positive
4701,negative
4702,positive
4703,negative
4704,positive
4705,negative
4706,positive
4707,negative
4708,positive
4709,negative
4710,positive
4711,negative
4712,positive
4713,negative
4714,positive
4715,negative
4716,positive
4717,negative
4718,positive
4719,negative
4720,positive
4721,negative
4722,positive
4723,negative
4724,positive
4725,negative
4726,positive
4727,negative
4728,positive
4729,negative
4730,positive
4731,negative
4732,positive
4733,negative
4734,positive
4735,negative
4736,positive
4737,negative
4738,positive
4739,negative
4740,positive
4741,negative
4742,positive
4743,negative
4744,positive
4745,negative
4746,positive
4747,negative
4748,positive
4749,negative
4750,positive
4751,negative
4752,positive
4753,negative
4754,positive
4755,negative
4756,positive
4757,negative
4758,positive
4759,negative
4760,positive
4761,negative
4762,positive
4763,negative
4764,positive
4765,negative
4766,positive
4767,negative
4768,positive
4769,negative
4770,positive
4771,negative
4772,positive
4773,negative
4774,positive
4775,negative
4776,positive
4777,negative
4778,positive
4779,negative
4780,positive
4781,negative
4782,positive
4783,negative
4784,positive
4785,negative
4786,positive
4787,negative
4788,positive
4789,negative
4790,positive
4791,negative
4792,positive
4793,negative
4794,positive
4795,negative
4796,positive
4797,negative
4798,positive
4799,negative
4800,positive
4801,negative
4802,positive
4803,negative
4804,positive
4805,negative
4806,positive
4807,negative
4808,positive
4809,negative
4810,positive
4811,negative
4812,positive
4813,negative
4814,positive
4815,negative
4816,positive
4817,negative
4818,positive
4819,negative
4820,positive
4821,negative
4822,positive
4823,negative
4824,positive
4825,negative
4826,positive
4827,negative
4828,positive
4829,negative
4830,positive
4831,negative
4832,positive
4833,negative
4834,positive
4835,negative
4836,positive
4837,negative
4838,positive
4839,negative
4840,positive
4841,negative
4842,positive
4843,negative
4844,positive
4845,negative
4846,positive
4847,negative
4848,positive
4849,negative
4850,positive
4851,negative
4852,positive
4853,negative
4854,positive
4855,negative
4856,positive
4857,negative
4858,positive
4859,negative
4860,positive
4861,negative
4862,positive
4863,negative
4864,positive
4865,negative
4866,positive
4867,negative
4868,positive
4869,negative
4870,positive
4871,negative
4872,positive
4873,negative
4874,positive
4875,negative
4876,positive
4877,negative
4878,positive
4879,negative
4880,positive
4881,negative
4882,positive
4883,negative
4884,positive
4885,negative
4886,positive
4887,negative
4888,positive
4889,negative
4890,positive
4891,negative
4892,positive
4893,negative
4894,positive
4895,negative
4896,positive
4897,negative
4898,positive
4899,negative
4900,positive
4901,negative
4902,positive
4903,negative
4904,positive
4905,negative
4906,positive
4907,negative
4908,positive
4909,negative
4910,positive
4911,negative
4912,positive
4913,negative
4914,positive
4915,negative
4916,positive
4917,negative
4918,positive
4919,negative
4920,positive
4921,negative
4922,positive
4923,negative
4924,positive
4925,negative
4926,positive
4927,negative
4928,positive
4929,negative
4930,positive
4931,negative
4932,positive
4933,negative
4934,positive
4935,negative
4936,positive
4937,negative
4938,positive
4939,negative
4940,positive
4941,negative
4942,positive
4943,negative
4944,positive
4945,negative
4946,positive
4947,negative
4948,positive
4949,negative
4950,positive
4951,negative
4952,positive
4953,negative
4954,positive
4955,negative
4956,positive
4957,negative
4958,positive
4959,negative
4960,positive
4961,negative
4962,positive
4963,negative
4964,positive
4965,negative
4966,positive
4967,negative
4968,positive
4969,negative
4970,positive
4971,negative
4972,positive
4973,negative
4974,positive
4975,negative
4976,positive
4977,negative
4978,positive
4979,negative
4980,positive
4981,negative
4982,positive
4983,negative
4984,positive
4985,negative
4986,positive
4987,negative
4988,positive
4989,negative
4990,positive
4991,negative
4992,positive
4993,negative
4994,positive
4995,negative
4996,positive
4997,negative
4998,positive
4999,negative
5000,positive
5001,negative
5002,positive
5003,negative
5004,positive
5005,negative
5006,positive
5007,negative
5008,positive
5009,negative
5010,positive
5011,negative
5012,positive
5013,negative
5014,positive
5015,negative
5016,positive
5017,negative
5018,positive
5019,negative
5020,positive
5021,negative
5022,positive
5023,negative
5024,positive
5025,negative
5026,positive
5027,negative
5028,positive
5029,negative
5030,positive
5031,negative
5032,positive
5033,negative
5034,positive
5035,negative
5036,positive
5037,negative
5038,positive
5039,negative
5040,positive
5041,negative
5042,positive
5043,negative
5044,positive
5045,negative
5046,positive
5047,negative
5048,positive
5049,negative
5050,positive
5051,negative
5052,positive
5053,negative
5054,positive
5055,negative
5056,positive
5057,negative
5058,positive
5059,negative
5060,positive
5061,negative
5062,positive
5063,negative
5064,positive
5065,negative
5066,positive
5067,negative
5068,positive
5069,negative
5070,positive
5071,negative
5072,positive
5073,negative
5074,positive
5075,negative
5076,positive
5077,negative
5078,positive
5079,negative
5080,positive
5081,negative
5082,positive
5083,negative
5084,positive
5085,negative
5086,positive
5087,negative
5088,positive
5089,negative
5090,positive
5091,negative
5092,positive
5093,negative
5094,positive
5095,negative
5096,positive
5097,negative
5098,positive
5099,negative
5100,positive
5101,negative
5102,positive
5103,negative
5104,positive
5105,negative
5106,positive
5107,negative
5108,positive
5109,negative
5110,positive
5111,negative
5112,positive
5113,negative
5114,positive
5115,negative
5116,positive
5117,negative
5118,positive
5119,negative
5120,positive
5121,negative
5122,positive
5123,negative
5124,positive
5125,negative
5126,positive
5127,negative
5128,positive
5129,negative
5130,positive
5131,negative
5132,positive
5133,negative
5134,positive
5135,negative
5136,positive
5137,negative
5138,positive
5139,negative
5140,positive
5141,negative
5142,positive
5143,negative
5144,positive
5145,negative
5146,positive
5147,negative
5148,positive
5149,negative
5150,positive
5151,negative
5152,positive
5153,negative
5154,positive
5155,negative
5156,positive
5157,negative
5158,positive
5159,negative
5160,positive
5161,negative
5162,positive
5163,negative
5164,positive
5165,negative
5166,positive
5167,negative
5168,positive
5169,negative
5170,positive
5171,negative
5172,positive
5173,negative
5174,positive
5175,negative
5176,positive
5177,negative
5178,positive
5179,negative
5180,positive
5181,negative
5182,positive
5183,negative
5184,positive
5185,negative
5186,positive
5187,negative
5188,positive
5189,negative
5190,positive
5191,negative
5192,positive
5193,negative
5194,positive
5195,negative
5196,positive
5197,negative
5198,positive
5199,negative
5200,positive
5201,negative
5202,positive
5203,negative
5204,positive
5205,negative
5206,positive
5207,negative
5208,positive
5209,negative
5210,positive
5211,negative
5212,positive
5213,negative
5214,positive
5215,negative
5216,positive
5217,negative
5218,positive
5219,negative
5220,positive
5221,negative
5222,positive
5223,negative
5224,positive
5225,negative
5226,positive
5227,negative
5228,positive
5229,negative
5230,positive
5231,negative
5232,positive
5233,negative
5234,positive
5235,negative
5236,positive
5237,negative
5238,positive
5239,negative
5240,positive
5241,negative
5242,positive
5243,negative
5244,positive
5245,negative
5246,positive
5247,negative
5248,positive
5249,negative
5250,positive
5251,negative
5252,positive
5253,negative
5254,positive
5255,negative
5256,positive
5257,negative
5258,positive
5259,negative
5260,positive
5261,negative
5262,positive
5263,negative
5264,positive
5265,negative
5266,positive
5267,negative
5268,positive
5269,negative
5270,positive
5271,negative
5272,positive
5273,negative
5274,positive
5275,negative
5276,positive
5277,negative
5278,positive
5279,negative
5280,positive
5281,negative
5282,positive
5283,negative
5284,positive
5285,negative
5286,positive
5287,negative
5288,positive
5289,negative
5290,positive
5291,negative
5292,positive
5293,negative
5294,positive
5295,negative
5296,positive
5297,negative
5298,positive
5299,negative
5300,positive
5301,negative
5302,positive
5303,negative
5304,positive
5305,negative
5306,positive
5307,negative
5308,positive
5309,negative
5310,positive
5311,negative
5312,positive
5313,negative
5314,positive
5315,negative
5316,positive
5317,negative
5318,positive
5319,negative
5320,positive
5321,negative
5322,positive
5323,negative
5324,positive
5325,negative
5326,positive
5327,negative
5328,positive
5329,negative
5330,positive
5331,negative
5332,positive
5333,negative
5334,positive
5335,negative
5336,positive
5337,negative
5338,positive
5339,negative
5340,positive
5341,negative
5342,positive
5343,negative
5344,positive
5345,negative
5346,positive
5347,negative
5348,positive
5349,negative
5350,positive
5351,negative
5352,positive
5353,negative
5354,positive
5355,negative
5356,positive
5357,negative
5358,positive
5359,negative
5360,positive
5361,negative
5362,positive
5363,negative
5364,positive
5365,negative
5366,positive
5367,negative
5368,positive
5369,negative
5370,positive
5371,negative
5372,positive
5373,negative
5374,positive
5375,negative
5376,positive
5377,negative
5378,positive
5379,negative
5380,positive
5381,negative
5382,positive
5383,negative
5384,positive
5385,negative
5386,positive
5387,negative
5388,positive
5389,negative
5390,positive
5391,negative
5392,positive
5393,negative
5394,positive
5395,negative
5396,positive
5397,negative
5398,positive
5399,negative
5400,positive
5401,negative
5402,positive
5403,negative
5404,positive
5405,negative
5406,positive
5407,negative
5408,positive
5409,negative
5410,positive
5411,negative
5412,positive
5413,negative
5414,positive
5415,negative
5416,positive
5417,negative
5418,positive
5419,negative
5420,positive
5421,negative
5422,positive
5423,negative
5424,positive
5425,negative
5426,positive
5427,negative
5428,positive
5429,negative
5430,positive
5431,negative
5432,positive
5433,negative
5434,positive
5435,negative
5436,positive
5437,negative
5438,positive
5439,negative
5440,positive
5441,negative
5442,positive
5443,negative
5444,positive
5445,negative
5446,positive
5447,negative
5448,positive
5449,negative
5450,positive
5451,negative
5452,positive
5453,negative
5454,positive
5455,negative
5456,positive
5457,negative
5458,positive
5459,negative
5460,positive
5461,negative
5462,positive
5463,negative
5464,positive
5465,negative
5466,positive
5467,negative
5468,positive
5469,negative
5470,positive
5471,negative
5472,positive
5473,negative
5474,positive
5475,negative
5476,positive
5477,negative
5478,positive
5479,negative
5480,positive
5481,negative
5482,positive
5483,negative
5484,positive
5485,negative
5486,positive
5487,negative
5488,positive
5489,negative
5490,positive
5491,negative
5492,positive
5493,negative
5494,positive
5495,negative
5496,positive
5497,negative
5498,positive
5499,negative
5500,positive
5501,negative
5502,positive
5503,negative
5504,positive
5505,negative
5506,positive
5507,negative
5508,positive
5509,negative
5510,positive
5511,negative
5512,positive
5513,negative
5514,positive
5515,negative
5516,positive
5517,negative
5518,positive
5519,negative
5520,positive
5521,negative
5522,positive
5523,negative
5524,positive
5525,negative
5526,positive
5527,negative
5528,positive
5529,negative
5530,positive
5531,negative
5532,positive
5533,negative
5534,positive
5535,negative
5536,positive
5537,negative
5538,positive
5539,negative
5540,positive
5541,negative
5542,positive
5543,negative
5544,positive
5545,negative
5546,positive
5547,negative
5548,positive
5549,negative
5550,positive
5551,negative
5552,positive
5553,negative
5554,positive
5555,negative
5556,positive
5557,negative
5558,positive
5559,negative
5560,positive
5561,negative
5562,positive
5563,negative
5564,positive
5565,negative
5566,positive
5567,negative
5568,positive
5569,negative
5570,positive
5571,negative
5572,positive
5573,negative
5574,positive
5575,negative
5576,positive
5577,negative
5578,positive
5579,negative
5580,positive
5581,negative
5582,positive
5583,negative
5584,positive
5585,negative
5586,positive
5587,negative
5588,positive
5589,negative
5590,positive
5591,negative
5592,positive
5593,negative
5594,positive
5595,negative
5596,positive
5597,negative
5598,positive
5599,negative
5600,positive
5601,negative
5602,positive
5603,negative
5604,positive
5605,negative
5606,positive
5607,negative
5608,positive
5609,negative
5610,positive
5611,negative
5612,positive
5613,negative
5614,positive
5615,negative
5616,positive
5617,negative
5618,positive
5619,negative
5620,positive
5621,negative
5622,positive
5623,negative
5624,positive
5625,negative
5626,positive
5627,negative
5628,positive
5629,negative
5630,positive
5631,negative
5632,positive
5633,negative
5634,positive
5635,negative
5636,positive
5637,negative
5638,positive
5639,negative
5640,positive
5641,negative
5642,positive
5643,negative
5644,positive
5645,negative
5646,positive
5647,negative
5648,positive
5649,negative
5650,positive
5651,negative
5652,positive
5653,negative
5654,positive
5655,negative
5656,positive
5657,negative
5658,positive
5659,negative
5660,positive
5661,negative
5662,positive
5663,negative
5664,positive
5665,negative
5666,positive
5667,negative
5668,positive
5669,negative
5670,positive
5671,negative
5672,positive
5673,negative
5674,positive
5675,negative
5676,positive
5677,negative
5678,positive
5679,negative
5680,positive
5681,negative
5682,positive
5683,negative
5684,positive
5685,negative
5686,positive
5687,negative
5688,positive
5689,negative
5690,positive
5691,negative
5692,positive
5693,negative
5694,positive
5695,negative
5696,positive
5697,negative
5698,positive
5699,negative
5700,positive
5701,negative
5702,positive
5703,negative
5704,positive
5705,negative
5706,positive
5707,negative
5708,positive
5709,negative
5710,positive
5711,negative
5712,positive
5713,negative
5714,positive
5715,negative
5716,positive
5717,negative
5718,positive
5719,negative
5720,positive
5721,negative
5722,positive
5723,negative
5724,positive
5725,negative
5726,positive
5727,negative
5728,positive
5729,negative
5730,positive
5731,negative
5732,positive
5733,negative
5734,positive
5735,negative
5736,positive
5737,negative
5738,positive
5739,negative
5740,positive
5741,negative
5742,positive
5743,negative
5744,positive
5745,negative
5746,positive
5747,negative
5748,positive
5749,negative
5750,positive
5751,negative
5752,positive
5753,negative
5754,positive
5755,negative
5756,positive
5757,negative
5758,positive
5759,negative
5760,positive
5761,negative
5762,positive
5763,negative
5764,positive
5765,negative
5766,positive
5767,negative
5768,positive
5769,negative
5770,positive
5771,negative
5772,positive
5773,negative
5774,positive
5775,negative
5776,positive
5777,negative
5778,positive
5779,negative
5780,positive
5781,negative
5782,positive
5783,negative
5784,positive
5785,negative
5786,positive
5787,negative
5788,positive
5789,negative
5790,positive
5791,negative
5792,positive
5793,negative
5794,positive
5795,negative
5796,positive
5797,negative
5798,positive
5799,negative
5800,positive
5801,negative
5802,positive
5803,negative
5804,positive
5805,negative
5806,positive
5807,negative
5808,positive
5809,negative
5810,positive
5811,negative
5812,positive
5813,negative
5814,positive
5815,negative
5816,positive
5817,negative
5818,positive
5819,negative
5820,positive
5821,negative
5822,positive
5823,negative
5824,positive
5825,negative
5826,positive
5827,negative
5828,positive
5829,negative
5830,positive
5831,negative
5832,positive
5833,negative
5834,positive
5835,negative
5836,positive
5837,negative
5838,positive
5839,negative
5840,positive
5841,negative
5842,positive
5843,negative
5844,positive
5845,negative
5846,positive
5847,negative
5848,positive
5849,negative
5850,positive
5851,negative
5852,positive
5853,negative
5854,positive
5855,negative
5856,positive
5857,negative
5858,positive
5859,negative
5860,positive
5861,negative
5862,positive
5863,negative
5864,positive
5865,negative
5866,positive
5867,negative
5868,positive
5869,negative
5870,positive
5871,negative
5872,positive
5873,negative
5874,positive
5875,negative
5876,positive
5877,negative
5878,positive
5879,negative
5880,positive
5881,negative
5882,positive
5883,negative
5884,positive
5885,negative
5886,positive
5887,negative
5888,positive
5889,negative
5890,positive
5891,negative
5892,positive
5893,negative
5894,positive
5895,negative
5896,positive
5897,negative
5898,positive
5899,negative
5900,positive
5901,negative
5902,positive
5903,negative
5904,positive
5905,negative
5906,positive
5907,negative
5908,positive
5909,negative
5910,positive
5911,negative
5912,positive
5913,negative
5914,positive
5915,negative
5916,positive
5917,negative
5918,positive
5919,negative
5920,positive
5921,negative
5922,positive
5923,negative
5924,positive
5925,negative
5926,positive
5927,negative
5928,positive
5929,negative
5930,positive
5931,negative
5932,positive
5933,negative
5934,positive
5935,negative
5936,positive
5937,negative
5938,positive
5939,negative
5940,positive
5941,negative
5942,positive
5943,negative
5944,positive
5945,negative
5946,positive
5947,negative
5948,positive
5949,negative
5950,positive
5951,negative
5952,positive
5953,negative
5954,positive
5955,negative
5956,positive
5957,negative
5958,positive
5959,negative
5960,positive
5961,negative
5962,positive
5963,negative
5964,positive
5965,negative
5966,positive
5967,negative
5968,positive
5969,negative
5970,positive
5971,negative
5972,positive
5973,negative
5974,positive
5975,negative
5976,positive
5977,negative
5978,positive
5979,negative
5980,positive
5981,negative
5982,positive
5983,negative
5984,positive
5985,negative
5986,positive
5987,negative
5988,positive
5989,negative
5990,positive
5991,negative
5992,positive
5993,negative
5994,positive
5995,negative
5996,positive
5997,negative
5998,positive
5999,negative
6000,positive
6001,negative
6002,positive
6003,negative
6004,positive
6005,negative
6006,positive
6007,negative
6008,positive
6009,negative
6010,positive
6011,negative
6012,positive
6013,negative
6014,positive
6015,negative
6016,positive
6017,negative
6018,positive
6019,negative
6020,positive
6021,negative
6022,positive
6023,negative
6024,positive
6025,negative
6026,positive
6027,negative
6028,positive
6029,negative
6030,positive
6031,negative
6032,positive
6033,negative
6034,positive
6035,negative
6036,positive
6037,negative
6038,positive
6039,negative
6040,positive
6041,negative
6042,positive
6043,negative
6044,positive
6045,negative
6046,positive
6047,negative
6048,positive
6049,negative
6050,positive
6051,negative
6052,positive
6053,negative
6054,positive
6055,negative
6056,positive
6057,negative
6058,positive
6059,negative
6060,positive
6061,negative
6062,positive
6063,negative
6064,positive
6065,negative
6066,positive
6067,negative
6068,positive
6069,negative
6070,positive
6071,negative
6072,positive
6073,negative
6074,positive
6075,negative
6076,positive
6077,negative
6078,positive
6079,negative
6080,positive
6081,negative
6082,positive
6083,negative
6084,positive
6085,negative
6086,positive
6087,negative
6088,positive
6089,negative
6090,positive
6091,negative
6092,positive
6093,negative
6094,positive
6095,negative
6096,positive
6097,negative
6098,positive
6099,negative
6100,positive
6101,negative
6102,positive
6103,negative
6104,positive
6105,negative
6106,positive
6107,negative
6108,positive
6109,negative
6110,positive
6111,negative
6112,positive
6113,negative
6114,positive
6115,negative
6116,positive
6117,negative
6118,positive
6119,negative
6120,positive
6121,negative
6122,positive
6123,negative
6124,positive
6125,negative
6126,positive
6127,negative
6128,positive
6129,negative
6130,positive
6131,negative
6132,positive
6133,negative
6134,positive
6135,negative
6136,positive
6137,negative
6138,positive
6139,negative
6140,positive
6141,negative
6142,positive
6143,negative
6144,positive
6145,negative
6146,positive
6147,negative
6148,positive
6149,negative
6150,positive
6151,negative
6152,positive
6153,negative
6154,positive
6155,negative
6156,positive
6157,negative
6158,positive
6159,negative
6160,positive
6161,negative
6162,positive
6163,negative
6164,positive
6165,negative
6166,positive
6167,negative
6168,positive
6169,negative
6170,positive
6171,negative
6172,positive
6173,negative
6174,positive
6175,negative
6176,positive
6177,negative
6178,positive
6179,negative
6180,positive
6181,negative
6182,positive
6183,negative
6184,positive
6185,negative
6186,positive
6187,negative
6188,positive
6189,negative
6190,positive
6191,negative
6192,positive
6193,negative
6194,positive
6195,negative
6196,positive
6197,negative
6198,positive
6199,negative
6200,positive
6201,negative
6202,positive
6203,negative
6204,positive
6205,negative
6206,positive
6207,negative
6208,positive
6209,negative
6210,positive
6211,negative
6212,positive
6213,negative
6214,positive
6215,negative
6216,positive
6217,negative
6218,positive
6219,negative
6220,positive
6221,negative
6222,positive
6223,negative
6224,positive
6225,negative
6226,positive
6227,negative
6228,positive
6229,negative
6230,positive
6231,negative
6232,positive
6233,negative
6234,positive
6235,negative
6236,positive
6237,negative
6238,positive
6239,negative
6240,positive
6241,negative
6242,positive
6243,negative
6244,positive
6245,negative
6246,positive
6247,negative
6248,positive
6249,negative
